DF-200-192392-456_1160.6	get-05	:ARG1	you	unaccusative	double unaccusative
DF-200-192400-625_7744.20	increase-01	:ARG1	level	unaccusative	
DF-200-192400-625_7744.20	disappear-01	:ARG1	disease	unaccusative	
NW_XIN_ENG_0195_2008_0420.1	evacuate-01	:ARG1	person	passive	
PROXY_NYT_ENG_20020406_0118.24	cut-02	:ARG1	electricity	n-pro	
PROXY_NYT_ENG_20040724_0084.26	close-01	:ARG1	and	unaccusative	
DF-200-192400-625_7557.7	tempt-01	:ARG1	i	passive	i am tempted to
PROXY_XIN_ENG_20040922_0123.15	fight-01	:ARG1	and	no	
NW_AFP_ENG_0019_2003_0630.14	run-04	:ARG1	road	unaccusative	double unaccusative
NW_AFP_ENG_0019_2003_0630.14	close-01	:ARG1	and	adjective	closed
NW_AFP_ENG_0019_2003_0630.14	pass-03	:ARG1	highway	unaccusative	
NW_AFP_ENG_0019_2003_0630.14	open-01	:ARG1	and	no	
DF-200-192400-625_7200.1	diagnose-01	:ARG1	i	passive	
PROXY_XIN_ENG_20030428_0226.19	arrive-01	:ARG1	person	unaccusative	
bolt12_6455_6562.11	tremble-01	:ARG1	piece	unaccusative	
bolt12_6455_6562.11	shake-01	:ARG1	piece	unaccusative	
bolt12_6455_6562.11	say-01	:ARG1	carry-01	no	
bolt12_6455_6562.11	move-01	:ARG1	we	unaccusative	
NW_XIN_ENG_0193_2006_0822.4	continue-01	:ARG1	bad-07 situation	no	 sentence is a bit weird
bolt12_91455_5324.1	eat-01	:ARG1	something	n-pro	
PROXY_XIN_ENG_20040429_0189.19	create-01	:ARG1	channel	a-pro	
PROXY_XIN_ENG_20040429_0189.19	settle-02	:ARG1	dispute-01	n-ing	
PROXY_XIN_ENG_20031107_0242.4	arrive-01	:ARG1	person	unaccusative	
PROXY_XIN_ENG_20031107_0242.4	schedule-01	:ARG1	discuss-01	passive	reduced relative
PROXY_NYT_ENG_20070828_0223.10	close-01	:ARG1	investigate-01	adjective	closed
NW_XIN_ENG_0195_2008_0420.13	exude-01	:ARG1	water	error?	
PROXY_NYT_ENG_20071115_0274.12	convert-01	:ARG1	item	passive	
PROXY_LTW_ENG_20070831_0072.24	make-01	:ARG1	progress-01	passive	
PROXY_NYT_ENG_20080919_0209.20	bear-02	:ARG1	person	passive	born
NW_XIN_ENG_0195_2008_0420.17	kill-01	:ARG1	person	passive	
PROXY_LTW_ENG_20070831_0072.18	use-01	:ARG1	uranium	passive	
DF-200-192400-625_7200.16	drill-02	:ARG1	person	passive	
NW_AFP_ENG_0009_2003_0330.3	join-01	:ARG1	i	error	
NW_XIN_ENG_0195_2008_0420.3	threaten-01	:ARG1	slide-01	error	
NW_XIN_ENG_0195_2008_0420.3	evacuate-01	:ARG1	person	passive	
PROXY_XIN_ENG_20040429_0189.17	expect-01	:ARG1	double-01	passive	
PROXY_XIN_ENG_20040429_0189.17	double-01	:ARG1	trade-01	unaccusative	double unaccusative
PROXY_NYT_ENG_20081008_0040.23	remain-01	:ARG1	deal-01	unaccusative	double unaccusative
PROXY_LTW_ENG_20070831_0072.9	reflect-01	:ARG1	thing	unaccusative	
DF-200-192400-625_7557.28	let-01	:ARG1	worsen-01	a-pro	
DF-200-192400-625_7557.28	get-01	:ARG1	thing	error	get-03
ENG_NA_020001_20161020_G0023FSV3_0001.4	fall-01	:ARG1	rock	adjective	
PROXY_LTW_ENG_20070930_0021.8	distribute-01	:ARG1	document	passive	
bolt12_64556_5628.1	come-03	:ARG1	war	unaccusative	
bolt12_64556_5628.1	defend-01	:ARG1	dignity	error?	
DF-200-192400-625_7557.17	do-02	:ARG1	thing	error?	
bolt12_91455_5322.1	force-01	:ARG1	person	passive	
bolt12_91455_5322.1	frame-02	:ARG1	person	passive	
NW_AFP_ENG_0012_2003_0419.10	seem-01	:ARG1	end-01	expletive	it seems
NW_AFP_ENG_0012_2003_0419.10	start-01	:ARG1	spell	unaccusative	
bolt12_6455_6562.7	retain-01	:ARG1	submarine	error?	imperative?
PROXY_XIN_ENG_20040407_0026.14	place-01	:ARG1	alert-01	passive	
PROXY_XIN_ENG_20040407_0026.14	start-01	:ARG1	week	no	unclear
PROXY_XIN_ENG_20020725_0113.21	carry-out-03	:ARG1	action	passive	reduced relative
PROXY_NYT_ENG_20081128_0005.13	fund-01	:ARG1	effort-01	passive	
PROXY_NYT_ENG_20080919_0209.10	relate-01	:ARG1	website	no	
PROXY_NYT_ENG_20080919_0209.10	affect-01	:ARG1	website	passive	
PROXY_LTW_ENG_20081115_0076.4	pressure-01	:ARG1	country	n-pro	
NW_XIN_ENG_0191_2005_0405.1	blame-01	:ARG1	lack-01	passive	
PROXY_NYT_ENG_20070618_0031.5	prepare-02	:ARG1	government-organization	adjective	prepared
PROXY_NYT_ENG_20070618_0031.4	prepare-02	:ARG1	government-organization	adjective	prepared
bolt12_9145_5531.1	rumor-01	:ARG1	and	expletive	it is rumoured
bolt12_9145_5531.1	force-01	:ARG1	person	passive	
bolt12_9145_5531.1	obligate-01	:ARG1	person	no	obligate
bolt12_9145_5531.1	switch-01	:ARG1	person	unaccusative	double unaccusative
ENG_NA_020001_20161020_G0023FSVF_0001.4	wound-01	:ARG1	person	multi-node	
PROXY_NYT_ENG_20070618_0031.18	reach-01	:ARG1	agree-01	passive	
PROXY_XIN_ENG_20031107_0242.15	traffic-01	:ARG1	weapon	n-ing	
wb.eng_0003.71	claim-01	:ARG1	solve-01	n-ing	
wb.eng_0003.71	change-01	:ARG1	nature	n-ing	
PROXY_NYT_ENG_20080808_0162.32	limit-01	:ARG1	combat-01	passive	
PROXY_NYT_ENG_20070828_0223.35	use-01	:ARG1	material	passive	
PROXY_NYT_ENG_20070828_0223.35	make-01	:ARG1	weapon	no	
DF-200-192400-625_7046.11	get-05	:ARG1	person	no	too damn long
DF-200-192400-625_7046.11	matter-01	:ARG1	tell-01	no	
DF-200-192400-625_7046.11	depress-01	:ARG1	you	no	
DF-200-192400-625_7046.11	engage-01	:ARG1	you	no	
DF-200-192400-625_7046.11	get-05	:ARG1	you	no	
DF-200-192400-625_7046.11	hope-01	:ARG1	pass-03	no	
DF-200-192400-625_7046.11	pass-03	:ARG1	thing	no	
ENG_NA_020001_20161020_G0023FSV5_0001.4	wait-01	:ARG1	we	unaccusative	
PROXY_NYT_ENG_20020406_0118.41	budget-01	:ARG1	fund-01	adjective	
PROXY_NYT_ENG_20020406_0118.41	cut-02	:ARG1	fund-01	passive	reduced relative
PROXY_NYT_ENG_20020406_0118.41	include-01	:ARG1	build-01	no	
PROXY_XIN_ENG_20021123_0156.17	include-01	:ARG1	and	no	
PROXY_XIN_ENG_20021123_0156.17	smuggle-01	:ARG1	weapon	no	
DF-200-192400-625_6677.6	go-06	:ARG1	gain-02	error?	
DF-200-192400-625_6677.6	gain-02	:ARG1	respect-01	no	
bolt12_6455_6561.29	go-01	:ARG1	thing	error?	
PROXY_NYT_ENG_20070828_0223.34	locate-01	:ARG1	research-institute	error	
DF-200-192400-625_7200.13	tell-01	:ARG1	walk-01	passive	
ENG_DF_000170_20050903_C00020J0V_0001.27	need-01	:ARG1	and	error	
ENG_DF_000170_20050903_C00020J0V_0001.27	offer-01	:ARG1	and	error	
PROXY_NYT_ENG_20040724_0084.42	become-01	:ARG1	corridor	unaccusative	double unaccusative
PROXY_NYT_ENG_20040724_0084.42	use-01	:ARG1	corridor	passive	
PROXY_NYT_ENG_20040724_0084.42	smuggle-01	:ARG1	and	no	
NW_AFP_ENG_0012_2003_0419.7	miss-01	:ARG1	person	adjective	
NW_AFP_ENG_0012_2003_0419.7	sweep-up-04	:ARG1	truck	passive	
PROXY_XIN_ENG_20021228_0162.14	give-01	:ARG1	report-01	no	
PROXY_NYT_ENG_20080919_0209.24	carry-out-03	:ARG1	counterattack-01	passive	
PROXY_NYT_ENG_20081008_0040.16	hijack-01	:ARG1	ship	passive	
wb.eng_0003.23	build-01	:ARG1	highway	n-pro	
NW_XIN_ENG_0194_2007_0704.3	confirm-01	:ARG1	die-01	passive	
DF-200-192400-625_7046.8	jumble-01	:ARG1	mess	adjective	
NW_XIN_ENG_0189_2003_0324.6	have-purpose-91	:ARG1	make-01	no	
NW_XIN_ENG_0189_2003_0324.6	kill-01	:ARG1	civilian	passive	
NW_XIN_ENG_0189_2003_0324.6	start-01	:ARG1	war	unaccusative	
PROXY_NYT_ENG_20070828_0223.27	trick-01	:ARG1	organization	passive	
PROXY_LTW_ENG_20070930_0021.30	recognize-01	:ARG1	country	passive	
PROXY_LTW_ENG_20070930_0021.30	fledge-01	:ARG1	adhere-02	no	
ENG_DF_000170_20050903_C00020J0V_0001.13	enroll-01	:ARG1	person	error	
PROXY_XIN_ENG_20040403_0262.10	hold-03	:ARG1	meet-03	no	
PROXY_NYT_ENG_20071115_0274.15	offer-01	:ARG1	item	passive	
PROXY_NYT_ENG_20071115_0274.15	include-01	:ARG1	and	no	
PROXY_LTW_ENG_20080727_0030.19	produce-01	:ARG1	uranium	no	
PROXY_NYT_ENG_20020406_0118.11	be-located-at-91	:ARG1	repository	no	
PROXY_XIN_ENG_20031107_0242.8	follow-01	:ARG1	visit-01	unaccusative	double unaccusative
PROXY_XIN_ENG_20031107_0242.8	hold-04	:ARG1	meet-03	passive	
PROXY_NYT_ENG_20020406_0118.22	know-01	:ARG1	orchestrate-01	passive	
NW_XIN_ENG_0193_2006_0822.6	hamper-01	:ARG1	operate-01	passive	
ENG_DF_000170_20050903_C00020J0V_0001.31	donate-01	:ARG1	amount	error	
DF-200-192400-625_6304.16	fail-01	:ARG1	i	unaccusative	double unaccusative
DF-200-192400-625_6304.16	get-05	:ARG1	i	no	error?
DF-200-192400-625_6304.16	go-01	:ARG1	i	no	error?
PROXY_XIN_ENG_20021228_0162.7	declare-02	:ARG1	site	adjective	
PROXY_XIN_ENG_20021228_0162.7	monitor-01	:ARG1	site	adjective	
DF-200-192400-625_6304.18	get-04	:ARG1	extend-01	no	
PROXY_NYT_ENG_20040724_0084.44	target-01	:ARG1	aircraft	n-ing	
ENG_NA_020001_20161020_G0023FSUO_0001.7	starve-01	:ARG1	we	adjective	
DF-200-192392-456_1160.4	get-03	:ARG1	person	unaccusative	double unaccusative
NW_AFP_ENG_0009_2003_0330.6	release-01	:ARG1	poll-01	passive	
NW_AFP_ENG_0009_2003_0330.6	survey-01	:ARG1	person	passive	
NW_AFP_ENG_0013_2003_0427.4	accuse-01	:ARG1	person	passive	
NW_XIN_ENG_0189_2003_0324.7	reach-01	:ARG1	thing	no	
NW_XIN_ENG_0189_2003_0324.7	kill-01	:ARG1	passenger	passive	
NW_XIN_ENG_0189_2003_0324.7	injure-01	:ARG1	person	passive	
NW_XIN_ENG_0189_2003_0324.7	hit-01	:ARG1	bus	unaccusative	double unaccusative
NW_XIN_ENG_0189_2003_0324.7	travel-01	:ARG1	near-02	no	
PROXY_XIN_ENG_20020701_0314.8	sentence-01	:ARG1	person	passive	
PROXY_NYT_ENG_20070618_0031.16	recoup-01	:ARG1	time	n-pro	
PROXY_NYT_ENG_20070618_0031.16	lose-02	:ARG1	time	passive	
PROXY_NYT_ENG_20070618_0031.16	organize-01	:ARG1	transfer-01	passive	
NW_AFP_ENG_0019_2003_0630.19	allow-01	:ARG1	return-01	passive	
NW_AFP_ENG_0019_2003_0630.19	return-01	:ARG1	person	no	
NW_AFP_ENG_0019_2003_0630.16	address-02	:ARG1	complain-01	no	
NW_XIN_ENG_0191_2005_0405.14	dispatch-01	:ARG1	team	passive	
NW_XIN_ENG_0191_2005_0405.14	involve-01	:ARG1	person	adjective	
NW_XIN_ENG_0194_2007_0704.5	treat-01	:ARG1	villager	passive	
PROXY_NYT_ENG_20070618_0031.8	follow-01	:ARG1	state-01	no	
PROXY_NYT_ENG_20070618_0031.8	anticipate-01	:ARG1	shut-down-05	passive	
PROXY_NYT_ENG_20040724_0084.15	increase-01	:ARG1	thing	no	
wb.eng_0003.75	apply-02	:ARG1	logic	unaccusative	double unaccusative
wb.eng_0003.5	localize-01	:ARG1	congest-01	adjective	
ENG_DF_000170_20050903_C00020J0V_0001.44	drop-off-03	:ARG1	supply-01	no	
wb.eng_0003.62	understand-01	:ARG1	it	expletive	
PROXY_NYT_ENG_20081008_0040.7	involve-01	:ARG1	person	passive	reduced relative
PROXY_NYT_ENG_20081008_0040.7	reach-01	:ARG1	deal-01	error	
PROXY_NYT_ENG_20081008_0040.7	pay-01	:ARG1	multiple	passive	
PROXY_LTW_ENG_20070831_0072.10	remain-01	:ARG1	and	no	
PROXY_XIN_ENG_20041219_0059.19	fund-01	:ARG1	research-01	no	
NW_AFP_ENG_0009_2003_0330.4	expect-01	:ARG1	show-up-02	passive	reduced relative
NW_AFP_ENG_0009_2003_0330.4	read-01	:ARG1	placard	no	quirky
PROXY_XIN_ENG_20020905_0122.15	increase-01	:ARG1	offense-02	no	
wb.eng_0003.83	plan-01	:ARG1	widen-01	passive	
wb.eng_0003.83	zone-01	:ARG1	thing	passive	
wb.eng_0003.83	funnel-01	:ARG1	thing	passive	
PROXY_XIN_ENG_20030624_0298.13	detain-01	:ARG1	person	passive	
NW_AFP_ENG_0011_2003_0417.8	believe-01	:ARG1	mix-01	passive	reduced relative
bolt12_9145_5531.2	envy-01	:ARG1	person	adjective	
PROXY_XIN_ENG_20021123_0156.5	progress-01	:ARG1	state	unaccusative	
NW_XIN_ENG_0194_2007_0704.4	include-01	:ARG1	and	error?	
NW_XIN_ENG_0194_2007_0704.4	find-01	:ARG1	body	passive	
bolt12_6455_6562.26	decline-01	:ARG1	state	no	too damn long
PROXY_NYT_ENG_20081128_0005.17	increase-01	:ARG1	amount	adjective	
PROXY_NYT_ENG_20081128_0005.17	process-01	:ARG1	amount	passive	
PROXY_NYT_ENG_20070828_0223.4	plan-01	:ARG1	activity-06	no	
NW_XIN_ENG_0192_2005_0906.8	involve-01	:ARG1	thing	passive	reduced relative
NW_XIN_ENG_0192_2005_0906.8	assist-01	:ARG1	person	no	
bolt12_64556_5629.1	bear-02	:ARG1	i	passive	born
PROXY_NYT_ENG_20080919_0209.14	attack-01	:ARG1	site	passive	
PROXY_NYT_ENG_20080919_0209.14	run-01	:ARG1	site	no	
DF-200-192400-625_6344.9	turn-02	:ARG1	she	unaccusative	double unaccusative
ENG_DF_000170_20050903_C00020J0V_0001.54	come-01	:ARG1	and	no	
PROXY_XIN_ENG_20030624_0298.14	relate-01	:ARG1	street	no	adjective?
PROXY_XIN_ENG_20030624_0298.14	mark-02	:ARG1	street	passive	reduced relative
PROXY_XIN_ENG_20030624_0298.14	seize-01	:ARG1	and	passive	
NW_XIN_ENG_0195_2008_0420.16	pass-06	:ARG1	person	no	
PROXY_NYT_ENG_20040724_0084.33	apply-02	:ARG1	penalize-01	passive	
PROXY_XIN_ENG_20040407_0026.9	blacklist-01	:ARG1	person	passive	
PROXY_XIN_ENG_20021020_0012.12	expire-01	:ARG1	state	unaccusative	
PROXY_XIN_ENG_20021020_0012.11	bring-01	:ARG1	person	passive	
PROXY_XIN_ENG_20021020_0012.11	mobilize-01	:ARG1	person	passive	
DF-200-192400-625_7557.30	harm-01	:ARG1	self	no	
DF-200-192400-625_7557.30	cut-01	:ARG1	arm	no	
DF-200-192400-625_7806.12	work-09	:ARG1	it	unaccusative	double unaccusative
bolt12_6455_6561.31	come-03	:ARG1	peace	unaccusative	double unaccusative
PROXY_NYT_ENG_20081128_0005.16	collapse-01	:ARG1	thing	unaccusative	
PROXY_XIN_ENG_20040429_0189.42	balance-01	:ARG1	and	no	
bolt12_6455_6562.21	wander-01	:ARG1	direction	no	
bolt12_6455_6562.21	bear-01	:ARG1	seal	no	
DF-200-192392-456_1160.7	pay-01	:ARG1	amount	expletive	
PROXY_XIN_ENG_20040429_0189.36	resolve-01	:ARG1	dispute-01	passive	
PROXY_NYT_ENG_20050716_0171.6	update-01	:ARG1	hardware	no	
PROXY_NYT_ENG_20050716_0171.6	protect-01	:ARG1	country	no	
DF-199-194215-653_0484.7	get-along-18	:ARG1	family	no	symmetrical
NW_XIN_ENG_0192_2005_0906.10	form-01	:ARG1	force	adjective	
NW_XIN_ENG_0192_2005_0906.10	prepare-02	:ARG1	force	no	
NW_XIN_ENG_0192_2005_0906.10	assist-01	:ARG1	and	error	
wb.eng_0003.56	stick-01	:ARG1	you	adjective	
PROXY_NYT_ENG_20071115_0274.6	charge-05	:ARG1	organization	passive	
PROXY_NYT_ENG_20071115_0274.6	transfer-01	:ARG1	technology	passive	reduced relative
PROXY_NYT_ENG_20071115_0274.6	direct-01	:ARG1	technology	passive	
wb.eng_0003.15	populate-01	:ARG1	area	adjective	
wb.eng_0003.7	double-01	:ARG1	traffic	unaccusative	
wb.eng_0003.7	open-01	:ARG1	road	unaccusative	
PROXY_LTW_ENG_20070930_0021.22	engage-01	:ARG1	country	error?	
PROXY_NYT_ENG_20020406_0118.39	cut-off-04	:ARG1	electricity	no	
PROXY_NYT_ENG_20020406_0118.39	restore-01	:ARG1	electricity	passive	
PROXY_XIN_ENG_20030624_0298.19	fall-out-03	:ARG1	and	no	symmetrical
bolt12_64556_5627.3	bump-01	:ARG1	boat	no	
PROXY_XIN_ENG_20041010_0024.5	total-01	:ARG1	document	no	
NW_XIN_ENG_0209_2008_0513.3	come-01	:ARG1	person	unaccusative	
DF-200-192400-625_7200.10	bear-02	:ARG1	i	passive	born
DF-200-192400-625_7200.10	curl-01	:ARG1	toe	unaccusative	
DF-200-192400-625_7200.10	straighten-01	:ARG1	toe	passive	
nw.chtb_0322.2	start-01	:ARG1	compete-01	unaccusative	
PROXY_LTW_ENG_20070930_0021.5	engage-01	:ARG1	country	error?	
DF-200-192400-625_7744.23	lock-01	:ARG1	they	adjective	
PROXY_XIN_ENG_20040403_0262.15	operate-01	:ARG1	center	unaccusative	
PROXY_XIN_ENG_20030428_0226.15	string-01	:ARG1	mine	no	
DF-200-192400-625_6304.11	result-01	:ARG1	anxiety	no	
NW_AFP_ENG_0009_2003_0330.7	publish-01	:ARG1	newspaper	passive	reduced relative
PROXY_NYT_ENG_20050716_0171.9	grow-02	:ARG1	person	unaccusative	
NW_XIN_ENG_0189_2003_0324.2	locate-01	:ARG1	house	no	
PROXY_LTW_ENG_20070831_0072.12	slow-01	:ARG1	effort-01	unaccusative	
PROXY_NYT_ENG_20081128_0005.7	retreat-02	:ARG1	cultivate-01	unaccusative	
PROXY_NYT_ENG_20081128_0005.7	concentrate-01	:ARG1	cultivate-01	unaccusative	
PROXY_NYT_ENG_20081128_0005.7	remain-01	:ARG1	insurgency	unaccusative	double unaccusative
bolt12_6455_6566.4	improve-01	:ARG1	cohesion	error	
bolt12_6455_6566.4	update-01	:ARG1	country	passive	
PROXY_XIN_ENG_20020905_0122.9	explode-01	:ARG1	bomb	unaccusative	
PROXY_XIN_ENG_20021228_0162.8	return-01	:ARG1	team	unaccusative	double unaccusative
PROXY_XIN_ENG_20021228_0162.8	carry-out-03	:ARG1	inspect-01	passive	reduced relative
PROXY_LTW_ENG_20070831_0072.27	include-01	:ARG1	organization	no	
DF-200-192400-625_6344.14	mean-02	:ARG1	resemble-01	passive	
PROXY_XIN_ENG_20020905_0122.7	escalate-01	:ARG1	violence	unaccusative	
bolt12_91455_5340.1	do-02	:ARG1	amr-unknown	error	
PROXY_NYT_ENG_20081008_0040.10	have-11	:ARG1	yet	no	
PROXY_NYT_ENG_20081008_0040.10	agree-01	:ARG1	detail-01	passive	
PROXY_XIN_ENG_20030709_0070.11	suspect-01	:ARG1	carry-01	passive	reduced relative
nw.chtb_0303.2	hold-04	:ARG1	conference	passive	reduced relative
PROXY_NYT_ENG_20081008_0040.11	involve-01	:ARG1	request-01	unaccusative	double unaccusative
PROXY_NYT_ENG_20081008_0040.11	encircle-01	:ARG1	armada	no	
PROXY_XIN_ENG_20020725_0113.22	include-91	:ARG1	investigate-01	no	
PROXY_XIN_ENG_20020725_0113.22	counter-01	:ARG1	and	n-pro	
PROXY_LTW_ENG_20070930_0021.11	qualify-02	:ARG1	and	unaccusative	double unaccusative
bolt12_91455_5337.1	stay-01	:ARG1	woman	no	
PROXY_NYT_ENG_20081128_0005.11	irrigate-01	:ARG1	area	adjective	
PROXY_LTW_ENG_20081115_0076.17	progress-01	:ARG1	construct-01	unaccusative	
bolt12_6455_6562.2	create-01	:ARG1	group		
DF-200-192400-625_7557.5	heal-01	:ARG1	they		
PROXY_NYT_ENG_20081008_0040.34	include-01	:ARG1	tank		
PROXY_NYT_ENG_20040724_0084.37	decline-01	:ARG1	fly-01		
PROXY_NYT_ENG_20040724_0084.37	improve-01	:ARG1	capable-01		
PROXY_NYT_ENG_20040724_0084.37	reaccelerate-00	:ARG1	fly-01		
PROXY_XIN_ENG_20040922_0123.14	conform-01	:ARG1	and		
PROXY_LTW_ENG_20070930_0021.26	include-01	:ARG1	country		
ENG_DF_000170_20050903_C00020J0V_0001.21	list-01	:ARG1	thing		
DF-200-192400-625_7046.14	come-03	:ARG1	someone		
DF-200-192400-625_7046.14	end-up-03	:ARG1	someone		
DF-200-192400-625_7046.14	marry-01	:ARG1	someone		
PROXY_XIN_ENG_20040922_0123.7	combat-01	:ARG1	and		
bolt12_6455_6562.4	accelerate-01	:ARG1	and		
bolt12_6455_6562.4	break-01	:ARG1	system		
ENG_DF_000170_20050903_C00020J0V_0001.8	list-01	:ARG1	resource		
PROXY_LTW_ENG_20070930_0021.27	include-01	:ARG1	debate-01		
NW_AFP_ENG_0013_2003_0427.2	defile-01	:ARG1	verse		
NW_XIN_ENG_0190_2003_0709.8	include-01	:ARG1	and		
NW_XIN_ENG_0190_2003_0709.8	arrive-01	:ARG1	and		
PROXY_NYT_ENG_20020406_0118.12	result-01	:ARG1	cut-off-04		
DF-200-192400-625_7046.13	be-located-at-91	:ARG1	you		
DF-200-192400-625_7046.13	depress-01	:ARG1	you		
PROXY_NYT_ENG_20080919_0209.8	begin-01	:ARG1	attack-01		
PROXY_LTW_ENG_20080727_0030.22	cease-01	:ARG1	produce-01		
wb.eng_0003.57	seem-01	:ARG1	point-03		
PROXY_NYT_ENG_20020406_0118.31	cut-02	:ARG1	power		
PROXY_LTW_ENG_20070930_0021.33	enhance-01	:ARG1	regime		
DF-200-192400-625_7744.21	sound-01	:ARG1	that		
DF-200-192400-625_7744.21	instead-of-91	:ARG1	anxious		
PROXY_LTW_ENG_20081115_0076.7	end-01	:ARG1	meet-03		
PROXY_LTW_ENG_20081115_0076.7	announce-01	:ARG1	measure-02		
DF-200-192400-625_6304.1	contrast-01	:ARG1	start-01		
DF-200-192400-625_6304.1	gel-00	:ARG1	i		
PROXY_NYT_ENG_20050716_0171.44	arm-01	:ARG1	force		
PROXY_NYT_ENG_20020406_0118.6	arrive-01	:ARG1	person		
nw.chtb_0305.2	concern-01	:ARG1	party		
PROXY_XIN_ENG_20020701_0314.14	accuse-01	:ARG1	person		
wb.eng_0003.61	mean-01	:ARG1	locate-01		
bolt12_9145_5538.1	dawn-01	:ARG1	easy-05		
DF-199-194215-653_0484.15	cave-01	:ARG1	you		
PROXY_LTW_ENG_20070930_0021.31	base-02	:ARG1	approach-02		
PROXY_LTW_ENG_20070831_0072.5	obtain-01	:ARG1	technology		
PROXY_LTW_ENG_20070831_0072.5	use-01	:ARG1	technology		
PROXY_LTW_ENG_20070930_0021.7	include-01	:ARG1	and		
PROXY_LTW_ENG_20070930_0021.7	prohibit-01	:ARG1	country		
PROXY_LTW_ENG_20070930_0021.7	include-01	:ARG1	purchase-01		
PROXY_XIN_ENG_20021228_0162.11	locate-01	:ARG1	site		
PROXY_XIN_ENG_20021228_0162.11	include-01	:ARG1	office		
NW_AFP_ENG_0012_2003_0419.6	find-01	:ARG1	body		
PROXY_XIN_ENG_20040429_0189.38	remain-01	:ARG1	government-organization		
ENG_NA_020001_20161020_G0023FSUP_0001.4	come-01	:ARG1	i		
NW_XIN_ENG_0195_2008_0420.8	inundate-01	:ARG1	playground		
DF-200-192400-625_7806.6	wonder-01	:ARG1	thing		
DF-200-192400-625_7806.6	do-02	:ARG1	thing		
PROXY_NYT_ENG_20050716_0171.15	arm-01	:ARG1	intervene-01		
NW_AFP_ENG_0018_2003_0616.5	die-01	:ARG1	baby		
NW_XIN_ENG_0192_2005_0906.5	commit-01	:ARG1	and		
NW_AFP_ENG_0017_2003_0607.2	remain-01	:ARG1	and		
DF-200-192400-625_7557.12	want-01	:ARG1	i		
PROXY_NYT_ENG_20050716_0171.52	engage-01	:ARG1	and		
PROXY_NYT_ENG_20070828_0223.18	include-01	:ARG1	and		
wb.eng_0003.67	appear-02	:ARG1	and		
DF-200-192400-625_6344.2	round-03	:ARG1	she		
wb.eng_0003.68	intertwine-01	:ARG1	they		
ENG_NA_020001_20161020_G0023FSV7_0001.4	go-01	:ARG1	thing		
bolt12_6455_6561.17	surround-01	:ARG1	environment		
bolt12_6455_6561.14	resolve-01	:ARG1	issue-02		
NW_AFP_ENG_0019_2003_0630.11	run-04	:ARG1	highway		
NW_AFP_ENG_0019_2003_0630.11	come-04	:ARG1	symbolize-01		
NW_AFP_ENG_0019_2003_0630.11	symbolize-01	:ARG1	checkpoint		
PROXY_XIN_ENG_20021020_0012.4	follow-01	:ARG1	and		
NW_XIN_ENG_0192_2005_0906.3	accommodate-01	:ARG1	person		
NW_XIN_ENG_0192_2005_0906.3	expect-01	:ARG1	bring-01		
NW_XIN_ENG_0192_2005_0906.3	bring-01	:ARG1	person		
PROXY_XIN_ENG_20021228_0162.4	ban-01	:ARG1	weapon		
PROXY_LTW_ENG_20080727_0030.31	enrich-01	:ARG1	material		
bolt12_6455_6562.6	retain-01	:ARG1	bomb		
PROXY_NYT_ENG_20020406_0118.17	scare-01	:ARG1	person		
NW_XIN_ENG_0190_2003_0709.6	estimate-01	:ARG1	lose-01		
PROXY_XIN_ENG_20020829_0017.6	injure-01	:ARG1	soldier		
PROXY_XIN_ENG_20020829_0017.6	leave-12	:ARG1	bomb		
PROXY_NYT_ENG_20070828_0223.14	curb-01	:ARG1	project		
NW_AFP_ENG_0014_2003_0502.5	report-01	:ARG1	plan-01		
NW_AFP_ENG_0014_2003_0502.5	include-91	:ARG1	division		
bolt12_6455_6562.3	advanced-02	:ARG1	aircraft		
NW_XIN_ENG_0191_2005_0405.4	cover-01	:ARG1	mountain		
PROXY_NYT_ENG_20050716_0171.36	become-01	:ARG1	person		
PROXY_XIN_ENG_20021123_0156.20	reflect-01	:ARG1	enhance-01		
PROXY_XIN_ENG_20021123_0156.20	open-up-03	:ARG1	organization		
PROXY_XIN_ENG_20020905_0122.6	expire-01	:ARG1	state		
ENG_DF_000170_20050903_C00020J0V_0001.56	focus-01	:ARG1	session		
ENG_DF_000170_20050903_C00020J0V_0001.56	come-01	:ARG1	refugee		
ENG_DF_000170_20050903_C00020J0V_0001.56	remain-01	:ARG1	person		
DF-200-192400-625_6344.10	pass-07	:ARG1	i		
NW_XIN_ENG_0209_2008_0513.17	devastate-01	:ARG1	world		
NW_XIN_ENG_0209_2008_0513.17	die-01	:ARG1	member		
NW_XIN_ENG_0209_2008_0513.17	lie-07	:ARG1	member		
PROXY_NYT_ENG_20050716_0171.63	order-01	:ARG1	and		
nw.chtb_0318.4	sit-01	:ARG1	and		
PROXY_NYT_ENG_20081008_0040.27	validate-01	:ARG1	paperwork		
bolt12_6455_6561.21	flourish-01	:ARG1	nation		
bolt12_6455_6561.28	shine-01	:ARG1	spear		
bolt12_6455_6561.28	come-to-mind-09	:ARG1	i		
PROXY_NYT_ENG_20071115_0274.19	continue-01	:ARG1	standoff		
NW_AFP_ENG_0012_2003_0419.5	include-91	:ARG1	and		
DF-200-192400-625_7557.13	die-01	:ARG1	person		
DF-200-192400-625_7557.18	mean-01	:ARG1	he		
NW_AFP_ENG_0019_2003_0630.5	carry-out-03	:ARG1	roadmap		
NW_AFP_ENG_0019_2003_0630.5	end-01	:ARG1	shed-03		
DF-200-192400-625_7744.2	obligate-01	:ARG1	i		
PROXY_NYT_ENG_20050716_0171.45	arm-01	:ARG1	force		
NW_XIN_ENG_0190_2003_0709.5	treat-03	:ARG1	person		
PROXY_XIN_ENG_20011006_0073.5	involve-01	:ARG1	person		
PROXY_XIN_ENG_20020701_0314.15	capture-01	:ARG1	person		
PROXY_XIN_ENG_20021020_0012.14	hold-04	:ARG1	round-05		
PROXY_XIN_ENG_20021020_0012.15	kill-01	:ARG1	and		
PROXY_XIN_ENG_20021020_0012.15	follow-01	:ARG1	impose-01		
DF-200-192400-625_6304.25	extend-01	:ARG1	deadline		
ENG_NA_020001_20161020_G0023FSW4_0001.5	destroy-01	:ARG1	house		
DF-199-194215-653_0484.14	escalate-01	:ARG1	it		
DF-200-192400-625_7046.2	get-05	:ARG1	i		
PROXY_NYT_ENG_20020406_0118.5	store-01	:ARG1	repository		
DF-200-192400-625_7806.14	talk-01	:ARG1	thing		
NW_AFP_ENG_0013_2003_0427.10	use-01	:ARG1	oppose-01		
NW_AFP_ENG_0013_2003_0427.10	persecute-01	:ARG1	person		
NW_AFP_ENG_0013_2003_0427.10	settle-01	:ARG1	feud-01		
PROXY_XIN_ENG_20040429_0189.39	ask-02	:ARG1	comment-01		
PROXY_XIN_ENG_20040429_0189.39	temper-01	:ARG1	economy		
PROXY_XIN_ENG_20040429_0189.39	grow-01	:ARG1	and		
PROXY_XIN_ENG_20040429_0189.39	realize-02	:ARG1	grow-01		
PROXY_XIN_ENG_20040429_0189.39	increase-01	:ARG1	profit-01		
PROXY_XIN_ENG_20040429_0189.39	improve-01	:ARG1	produce-01		
PROXY_XIN_ENG_20040429_0189.39	expand-01	:ARG1	volume		
wb.eng_0003.66	have-purpose-91	:ARG1	it		
wb.eng_0003.66	benefit-01	:ARG1	plan		
wb.eng_0003.66	serve-01	:ARG1	interest		
wb.eng_0003.66	have-purpose-91	:ARG1	it		
PROXY_LTW_ENG_20070930_0021.13	allow-01	:ARG1	engage-01		
PROXY_LTW_ENG_20070930_0021.13	engage-01	:ARG1	state		
PROXY_NYT_ENG_20080808_0162.24	last-01	:ARG1	conflict-01		
PROXY_NYT_ENG_20070618_0031.11	seal-01	:ARG1	reactor		
PROXY_NYT_ENG_20070618_0031.11	include-01	:ARG1	install-01		
bolt12_6455_6561.16	mean-01	:ARG1	advent		
bolt12_6455_6561.16	press-01	:ARG1	we		
PROXY_LTW_ENG_20081115_0076.28	impose-01	:ARG1	set		
PROXY_LTW_ENG_20081115_0076.28	decrease-01	:ARG1	hopeful-03		
PROXY_NYT_ENG_20050716_0171.26	protect-01	:ARG1	country		
PROXY_LTW_ENG_20081115_0076.20	base-01	:ARG1	organization		
wb.eng_0003.53	intend-01	:ARG1	pay-01		
wb.eng_0003.53	pay-01	:ARG1	money		
bolt12_6455_6561.6	go-01	:ARG1	country		
PROXY_NYT_ENG_20040724_0084.39	fly-01	:ARG1	person		
PROXY_XIN_ENG_20040407_0026.8	allow-01	:ARG1	and		
PROXY_XIN_ENG_20030428_0226.16	check-07	:ARG1	terrorism		
PROXY_XIN_ENG_20020905_0122.18	declare-02	:ARG1	strike-02		
DF-200-192400-625_7557.1	addict-01	:ARG1	girl		
DF-200-192400-625_7557.1	harm-01	:ARG1	self		
NW_XIN_ENG_0193_2006_0822.10	improve-01	:ARG1	situation		
NW_XIN_ENG_0193_2006_0822.10	flow-01	:ARG1	water		
NW_XIN_ENG_0193_2006_0822.10	discharge-01	:ARG1	water		
ENG_NA_020001_20161020_G0023FSW5_0001.6	turn-02	:ARG1	village		
PROXY_NYT_ENG_20040724_0084.41	capture-01	:ARG1	person		
PROXY_NYT_ENG_20040724_0084.41	involve-01	:ARG1	guerrilla		
bolt12_64556_5627.4	approach-01	:ARG1	enemy		
NW_AFP_ENG_0019_2003_0630.6	follow-01	:ARG1	take-up-38		
PROXY_XIN_ENG_20040403_0262.14	follow-01	:ARG1	conference		
PROXY_XIN_ENG_20040403_0262.14	defend-01	:ARG1	security		
PROXY_XIN_ENG_20040403_0262.14	target-01	:ARG1	anyone		
PROXY_XIN_ENG_20040429_0189.16	amount-01	:ARG1	trade-01		
PROXY_XIN_ENG_20040429_0189.16	total-01	:ARG1	trade-01		
PROXY_LTW_ENG_20070831_0072.22	resolve-01	:ARG1	issue-02		
PROXY_LTW_ENG_20070831_0072.22	resolve-01	:ARG1	issue-02		
NW_XIN_ENG_0209_2008_0513.9	leave-12	:ARG1	he		
PROXY_XIN_ENG_20031107_0242.12	include-91	:ARG1	and		
PROXY_XIN_ENG_20031107_0242.12	develop-02	:ARG1	country		
PROXY_LTW_ENG_20080727_0030.4	produce-01	:ARG1	uranium		
wb.eng_0003.37	spend-01	:ARG1	or		
wb.eng_0003.37	need-01	:ARG1	improve-01		
PROXY_NYT_ENG_20080808_0162.31	conflict-01	:ARG1	report-01		
DF-199-194215-653_0484.5	work-09	:ARG1	we		
PROXY_XIN_ENG_20020701_0314.13	switch-01	:ARG1	congressman		
PROXY_XIN_ENG_20020701_0314.13	culminate-01	:ARG1	event		
PROXY_XIN_ENG_20031107_0242.17	total-01	:ARG1	trade-01		
PROXY_XIN_ENG_20031107_0242.17	go-10	:ARG1	balance-01		
PROXY_NYT_ENG_20070828_0223.36	locate-01	:ARG1	organization		
bolt12_6455_6561.11	rest-01	:ARG1	soul		
PROXY_NYT_ENG_20080919_0209.15	post-01	:ARG1	state-01		
ENG_NA_020001_20161020_G0023FSUX_0001.4	destroy-01	:ARG1	home		
bolt12_6455_6562.10	say-01	:ARG1	possible-01		
bolt12_6455_6562.10	carry-on-02	:ARG1	and		
wb.eng_0003.91	suppose-02	:ARG1	i		
NW_XIN_ENG_0193_2006_0822.5	spread-02	:ARG1	and		
NW_XIN_ENG_0193_2006_0822.5	continue-01	:ARG1	submerge-01		
NW_XIN_ENG_0193_2006_0822.5	submerge-01	:ARG1	and		
bolt12_91455_5338.1	put-02	:ARG1	person		
bolt12_91455_5338.1	star-01	:ARG1	person		
PROXY_XIN_ENG_20040403_0262.4	become-01	:ARG1	person		
PROXY_XIN_ENG_20020905_0122.10	kill-01	:ARG1	soldier		
PROXY_XIN_ENG_20021123_0156.12	enhance-01	:ARG1	cooperate-01		
NW_XIN_ENG_0193_2006_0822.7	disrupt-01	:ARG1	and		
DF-199-194215-653_0484.2	break-up-08	:ARG1	i		
PROXY_XIN_ENG_20041010_0024.16	rise-01	:ARG1	volume		
PROXY_XIN_ENG_20041010_0024.16	come-03	:ARG1	monetary-quantity		
DF-200-192400-625_6344.33	spit-01	:ARG1	person		
PROXY_LTW_ENG_20070930_0021.4	distribute-01	:ARG1	document		
PROXY_XIN_ENG_20040429_0189.29	embargo-01	:ARG1	country		
ENG_NA_020001_20161020_G0023FSW4_0001.8	come-01	:ARG1	help-01		
DF-200-192400-625_6304.7	make-out-23	:ARG1	university		
DF-200-192400-625_6304.7	seem-01	:ARG1	it		
bolt12_6455_6561.15	relate-01	:ARG1	territory		
bolt12_6455_6561.15	scar-01	:ARG1	land		
bolt12_6455_6561.15	separate-01	:ARG1	land		
PROXY_NYT_ENG_20071115_0274.8	devise-01	:ARG1	control-01		
bolt12_6455_6562.1	improve-01	:ARG1	and		
NW_XIN_ENG_0209_2008_0513.18	rest-02	:ARG1	she		
NW_AFP_ENG_0019_2003_0630.21	explain-01	:ARG1	reason		
nw.chtb_0318.5	fill-01	:ARG1	ground		
PROXY_LTW_ENG_20081115_0076.15	release-01	:ARG1	report-01		
PROXY_NYT_ENG_20070828_0223.7	mean-02	:ARG1	allay-01		
ENG_DF_000170_20050903_C00020J0V_0001.16	leave-02	:ARG1	message-01		
ENG_DF_000170_20050903_C00020J0V_0001.16	take-10	:ARG1	up-to		
ENG_DF_000170_20050903_C00020J0V_0001.16	return-02	:ARG1	call-02		
DF-200-192400-625_7557.10	age-01	:ARG1	i		
NW_XIN_ENG_0192_2005_0906.11	come-01	:ARG1	and		
PROXY_NYT_ENG_20070618_0031.12	begin-01	:ARG1	decommission-01		
PROXY_NYT_ENG_20070618_0031.12	decommission-01	:ARG1	reactor		
PROXY_NYT_ENG_20070618_0031.12	link-01	:ARG1	account		
PROXY_NYT_ENG_20070618_0031.12	hold-01	:ARG1	fund		
PROXY_NYT_ENG_20070618_0031.12	transfer-01	:ARG1	fund		
PROXY_NYT_ENG_20081008_0040.21	include-01	:ARG1	and		
PROXY_XIN_ENG_20020725_0113.5	exploit-01	:ARG1	youngster		
PROXY_NYT_ENG_20040724_0084.43	supply-01	:ARG1	cocaine		
PROXY_NYT_ENG_20080919_0209.19	mean-01	:ARG1	religious-group		
PROXY_LTW_ENG_20081115_0076.24	stop-03	:ARG1	country		
PROXY_LTW_ENG_20081115_0076.24	use-01	:ARG1	technology		
PROXY_LTW_ENG_20081115_0076.24	manufacture-01	:ARG1	weapon		
PROXY_LTW_ENG_20081115_0076.24	deliver-01	:ARG1	weapon		
DF-200-192400-625_6304.3	obligate-01	:ARG1	do-02		
PROXY_NYT_ENG_20071115_0274.14	prevent-01	:ARG1	and		
PROXY_NYT_ENG_20071115_0274.14	suspect-01	:ARG1	useful-05		
PROXY_XIN_ENG_20040429_0189.8	include-91	:ARG1	country		
PROXY_XIN_ENG_20040429_0189.8	start-01	:ARG1	schedule-01		
DF-200-192400-625_6677.13	respect-01	:ARG1	you		
DF-200-192400-625_7557.32	do-02	:ARG1	thing		
PROXY_LTW_ENG_20080727_0030.27	include-01	:ARG1	prohibit-01		
PROXY_LTW_ENG_20080727_0030.27	sell-01	:ARG1	product		
PROXY_LTW_ENG_20080727_0030.27	refine-01	:ARG1	petroleum		
NW_XIN_ENG_0209_2008_0513.7	fall-01	:ARG1	branch		
PROXY_LTW_ENG_20070930_0021.6	engage-01	:ARG1	nation		
PROXY_XIN_ENG_20020701_0314.4	convict-01	:ARG1	person		
PROXY_NYT_ENG_20081128_0005.21	estimate-01	:ARG1	demand-01		
NW_XIN_ENG_0196_2008_1027.4	locate-01	:ARG1	epicenter		
PROXY_XIN_ENG_20040407_0026.4	stay-01	:ARG1	person		
NW_XIN_ENG_0191_2005_0405.8	slide-01	:ARG1	snow		
ENG_DF_000170_20050903_C00020J0V_0001.62	help-01	:ARG1	person		
NW_XIN_ENG_0209_2008_0513.11	fall-01	:ARG1	coconut		
PROXY_XIN_ENG_20020725_0333.12	transport-01	:ARG1	cocaine		
NW_XIN_ENG_0195_2008_0420.12	fall-01	:ARG1	rain-01		
PROXY_XIN_ENG_20031107_0242.5	arrive-01	:ARG1	person		
PROXY_XIN_ENG_20031107_0242.5	schedule-01	:ARG1	discuss-01		
PROXY_NYT_ENG_20050716_0171.46	create-01	:ARG1	unit		
PROXY_NYT_ENG_20050716_0171.46	establish-01	:ARG1	university		
PROXY_NYT_ENG_20070828_0223.21	answer-01	:ARG1	question-01		
PROXY_XIN_ENG_20021123_0156.18	develop-02	:ARG1	economy		
NW_AFP_ENG_0017_2003_0607.8	straight-04	:ARG1	temporal-quantity		
bolt12_6455_6561.34	sound-02	:ARG1	horn		
bolt12_6455_6561.34	equip-01	:ARG1	person		
bolt12_6455_6561.34	go-01	:ARG1	person		
NW_AFP_ENG_0019_2003_0630.10	flow-01	:ARG1	traffic		
bolt12_6455_6561.18	do-02	:ARG1	amr-unknown		
bolt12_9145_5533.1	damn-01	:ARG1	life		
PROXY_LTW_ENG_20070930_0021.9	make-01	:ARG1	presentation		
ENG_NA_020001_20161020_G0023FSUS_0001.5	arrive-01	:ARG1	thing		
NW_AFP_ENG_0019_2003_0630.8	mean-02	:ARG1	business		
NW_AFP_ENG_0019_2003_0630.8	come-12	:ARG1	rein-in-01		
NW_AFP_ENG_0019_2003_0630.8	rein-in-01	:ARG1	group		
PROXY_XIN_ENG_20020701_0314.12	allege-01	:ARG1	run-01		
PROXY_NYT_ENG_20020406_0118.27	know-01	:ARG1	pay-01		
PROXY_XIN_ENG_20041010_0024.10	total-01	:ARG1	document		
DF-200-192400-625_6304.8	delay-01	:ARG1	finance-01		
DF-200-192400-625_6304.8	progress-01	:ARG1	work-01		
DF-200-192400-625_6304.8	pile-01	:ARG1	all		
bolt12_9145_5531.8	rumor-01	:ARG1	win-01		
wb.eng_0003.90	happen-02	:ARG1	like-01		
wb.eng_0003.74	build-01	:ARG1	it		
PROXY_XIN_ENG_20020905_0122.21	return-01	:ARG1	person		
PROXY_NYT_ENG_20040724_0084.30	question-03	:ARG1	constitution		
NW_AFP_ENG_0019_2003_0630.1	return-01	:ARG1	force		
NW_XIN_ENG_0189_2003_0324.1	include-01	:ARG1	woman		
NW_XIN_ENG_0189_2003_0324.1	kill-01	:ARG1	civilian		
NW_XIN_ENG_0189_2003_0324.1	hit-01	:ARG1	house		
NW_XIN_ENG_0195_2008_0420.9	monitor-01	:ARG1	situation		
PROXY_NYT_ENG_20070618_0031.9	contrast-01	:ARG1	possible-01		
PROXY_NYT_ENG_20070618_0031.7	stall-01	:ARG1	effort-01		
PROXY_NYT_ENG_20070618_0031.7	dismantle-01	:ARG1	program		
PROXY_NYT_ENG_20070618_0031.7	move-01	:ARG1	effort-01		
PROXY_NYT_ENG_20070618_0031.7	verify-01	:ARG1	shut-down-05		
PROXY_NYT_ENG_20070618_0031.7	monitor-01	:ARG1	shut-down-05		
PROXY_XIN_ENG_20021020_0012.5	kill-01	:ARG1	policeman		
DF-200-192400-625_6677.12	bend-01	:ARG1	you		
PROXY_NYT_ENG_20040724_0084.11	misidentify-00	:ARG1	plane		
PROXY_LTW_ENG_20070930_0021.10	offer-01	:ARG1	presentation		
PROXY_XIN_ENG_20011006_0073.14	fail-01	:ARG1	person		
PROXY_XIN_ENG_20011006_0073.14	receive-01	:ARG1	permit-01		
PROXY_XIN_ENG_20011006_0073.14	participate-01	:ARG1	activity-06		
PROXY_XIN_ENG_20011006_0073.14	prosecute-01	:ARG1	or		
PROXY_XIN_ENG_20011006_0073.14	sentence-01	:ARG1	or		
bolt12_6455_6562.22	look-over-06	:ARG1	flag		
wb.eng_0003.47	base-02	:ARG1	fund-01		
wb.eng_0003.47	base-02	:ARG1	fund-01		
PROXY_NYT_ENG_20040724_0084.6	use-01	:ARG1	aircraft		
PROXY_NYT_ENG_20040724_0084.6	traffic-01	:ARG1	drug		
PROXY_XIN_ENG_20020725_0333.7	locate-01	:ARG1	country-region		
DF-200-192400-625_7200.3	seem-01	:ARG1	random		
PROXY_NYT_ENG_20071115_0274.7	compose-01	:ARG1	organization		
PROXY_NYT_ENG_20020406_0118.32	defrost-01	:ARG1	bacterium		
PROXY_NYT_ENG_20020406_0118.32	know-01	:ARG1	truth-value		
NW_XIN_ENG_0195_2008_0420.14	worsen-01	:ARG1	area		
PROXY_XIN_ENG_20020701_0314.5	sentence-01	:ARG1	person		
DF-200-192400-625_6344.34	take-up-31	:ARG1	smoke-02		
DF-200-192400-625_7200.12	mean-01	:ARG1	have-03		
ENG_NA_020001_20161020_G0023FSWC_0001.4	wait-01	:ARG1	i		
nw.chtb_0322.16	shift-01	:ARG1	and		
PROXY_XIN_ENG_20020905_0122.16	complement-01	:ARG1	campaign-01		
ENG_DF_000170_20050903_C00020J0V_0001.47	separate-01	:ARG1	clothe-01		
NW_XIN_ENG_0209_2008_0513.8	stop-03	:ARG1	wind		
NW_XIN_ENG_0209_2008_0513.8	find-01	:ARG1	person		
DF-200-192400-625_7806.1	come-01	:ARG1	thing		
DF-200-192400-625_7806.1	worry-01	:ARG1	i		
PROXY_NYT_ENG_20070618_0031.20	conclude-02	:ARG1	phase		
bolt12_6455_6561.5	become-01	:ARG1	thing		
bolt12_9145_5531.9	lie-07	:ARG1	or		
wb.eng_0003.92	go-07	:ARG1	gas		
NW_XIN_ENG_0209_2008_0513.22	remain-01	:ARG1	person		
NW_XIN_ENG_0209_2008_0513.22	miss-01	:ARG1	person		
NW_AFP_ENG_0011_2003_0417.2	arm-01	:ARG1	man		
PROXY_XIN_ENG_20021228_0162.12	test-01	:ARG1	munition		
PROXY_XIN_ENG_20021123_0156.7	create-01	:ARG1	secretariat		
PROXY_XIN_ENG_20011006_0073.9	base-01	:ARG1	group		
nw.chtb_0302.6	accelerate-01	:ARG1	develop-02		
DF-200-192400-625_6304.13	end-up-03	:ARG1	i		
PROXY_NYT_ENG_20081008_0040.17	release-01	:ARG1	and		
PROXY_NYT_ENG_20080808_0162.17	start-01	:ARG1	war		
nw.chtb_0318.12	fly-01	:ARG1	delegation		
NW_AFP_ENG_0010_2003_0401.7	become-01	:ARG1	organization		
PROXY_LTW_ENG_20070930_0021.14	circulate-01	:ARG1	document		
ENG_DF_000170_20050903_C00020J0V_0001.20	list-01	:ARG1	and		
NW_AFP_ENG_0010_2003_0401.3	become-01	:ARG1	person		
NW_XIN_ENG_0191_2005_0405.11	find-01	:ARG1	body		
PROXY_LTW_ENG_20081115_0076.16	use-01	:ARG1	plutonium		
DF-200-192392-456_1160.3	obligate-01	:ARG1	someone		
bolt12_6455_6562.5	establish-01	:ARG1	force		
NW_AFP_ENG_0017_2003_0607.7	reel-01	:ARG1	country		
bolt12_6455_6561.10	cite-01	:ARG1	instance		
bolt12_6455_6561.10	record-01	:ARG1	instance		
bolt12_6455_6561.10	exhaust-01	:ARG1	strip		
PROXY_XIN_ENG_20020905_0122.12	explode-01	:ARG1	bomb		
DF-200-192400-625_6344.35	grow-up-04	:ARG1	person		
PROXY_XIN_ENG_20020725_0113.15	hold-04	:ARG1	conference		
nw.chtb_0318.13	remain-01	:ARG1	they		
PROXY_XIN_ENG_20020725_0333.14	imprison-01	:ARG1	person		
wb.eng_0003.8	surge-01	:ARG1	and		
DF-200-192400-625_7046.16	pass-07	:ARG1	i		
PROXY_NYT_ENG_20081008_0040.30	consider-01	:ARG1	suspicious-03		
NW_XIN_ENG_0195_2008_0420.4	include-01	:ARG1	and		
PROXY_XIN_ENG_20020905_0122.17	heighten-01	:ARG1	risk-01		
PROXY_NYT_ENG_20081128_0005.15	drop-01	:ARG1	price-01		
NW_AFP_ENG_0018_2003_0616.7	decompose-01	:ARG1	body		
NW_AFP_ENG_0018_2003_0616.7	go-05	:ARG1	look-01		
wb.eng_0003.97	cost-01	:ARG1	highway		
PROXY_NYT_ENG_20050716_0171.23	elect-01	:ARG1	person		
PROXY_XIN_ENG_20040403_0262.11	expand-01	:ARG1	cooperate-01		
ENG_NA_020001_20161020_G0023FSVT_0001.4	die-01	:ARG1	we		
NW_XIN_ENG_0196_2008_1027.3	measure-01	:ARG1	quake-01		
DF-200-192400-625_6304.6	set-14	:ARG1	project		
NW_AFP_ENG_0015_2003_0514.2	appoint-01	:ARG1	person		
NW_XIN_ENG_0198_2008_1218.5	measure-01	:ARG1	quake-01		
PROXY_XIN_ENG_20041010_0024.8	hold-04	:ARG1	and		
PROXY_LTW_ENG_20080727_0030.11	work-09	:ARG1	centrifuge		
NW_AFP_ENG_0014_2003_0502.2	come-01	:ARG1	report-01		
NW_XIN_ENG_0209_2008_0513.16	erase-01	:ARG1	village		
NW_AFP_ENG_0016_2003_0527.6	include-01	:ARG1	issue-02		
PROXY_XIN_ENG_20020725_0113.12	quote-01	:ARG1	say-01		
PROXY_XIN_ENG_20020725_0113.12	say-01	:ARG1	succeed-01		
PROXY_XIN_ENG_20020725_0113.12	net-03	:ARG1	person		
ENG_NA_020001_20161020_G0023FSUK_0001.4	need-01	:ARG1	and		
NW_AFP_ENG_0011_2003_0417.5	believe-01	:ARG1	and		
NW_AFP_ENG_0011_2003_0417.5	cast-01	:ARG1	spell		
bolt12_6455_6561.30	forget-01	:ARG1	war		
DF-200-192400-625_6304.2	adjust-01	:ARG1	i		
PROXY_XIN_ENG_20040407_0026.6	identify-01	:ARG1	person		
PROXY_NYT_ENG_20040724_0084.19	schedule-01	:ARG1	country		
PROXY_XIN_ENG_20040429_0189.43	ask-02	:ARG1	comment-01		
DF-200-192400-625_7806.4	begin-01	:ARG1	bug-01		
PROXY_LTW_ENG_20080727_0030.32	run-01	:ARG1	centrifuge		
PROXY_XIN_ENG_20020725_0113.14	organize-01	:ARG1	person		
PROXY_XIN_ENG_20020725_0113.14	involve-01	:ARG1	cooperate-01		
DF-200-192400-625_7046.9	become-01	:ARG1	thing		
DF-200-192400-625_7046.9	fit-06	:ARG1	person		
wb.eng_0003.48	tolerate-01	:ARG1	situation		
NW_AFP_ENG_0011_2003_0417.4	include-91	:ARG1	and		
PROXY_NYT_ENG_20050716_0171.48	use-01	:ARG1	reserve		
nw.chtb_0318.7	hold-04	:ARG1	meet-03		
PROXY_XIN_ENG_20030624_0298.16	educate-01	:ARG1	person		
PROXY_XIN_ENG_20030624_0298.16	describe-01	:ARG1	organization		
NW_XIN_ENG_0189_2003_0324.5	hear-01	:ARG1	explode-01		
NW_XIN_ENG_0189_2003_0324.5	sound-02	:ARG1	siren		
DF-199-194215-653_0484.11	possible-01	:ARG1	have-03		
PROXY_LTW_ENG_20070930_0021.25	win-01	:ARG1	approve-01		
wb.eng_0003.4	run-04	:ARG1	highway		
wb.eng_0003.4	open-01	:ARG1	highway		
wb.eng_0003.100	direct-01	:ARG1	thing		
wb.eng_0003.100	place-01	:ARG1	road		
bolt12_9145_5531.5	roll-01	:ARG1	source-01		
PROXY_NYT_ENG_20050716_0171.34	fail-01	:ARG1	coup-01		
DF-200-192400-625_7046.3	move-01	:ARG1	i		
DF-200-192400-625_7046.3	counsel-01	:ARG1	i		
DF-200-192400-625_7557.33	keep-03	:ARG1	journal		
NW_AFP_ENG_0018_2003_0616.8	move-01	:ARG1	person		
NW_XIN_ENG_0195_2008_0420.10	report-01	:ARG1	casualty		
PROXY_LTW_ENG_20080727_0030.7	approach-01	:ARG1	country		
PROXY_XIN_ENG_20020725_0113.11	arrest-01	:ARG1	person		
PROXY_XIN_ENG_20020725_0113.11	detain-01	:ARG1	person		
PROXY_XIN_ENG_20020905_0122.4	follow-01	:ARG1	escalate-01		
PROXY_NYT_ENG_20020406_0118.34	stand-02	:ARG1	missile		
PROXY_NYT_ENG_20070828_0223.37	base-01	:ARG1	organization		
PROXY_NYT_ENG_20070828_0223.20	slow-01	:ARG1	process-02		
DF-200-192400-625_6344.25	come-01	:ARG1	i		
PROXY_NYT_ENG_20020406_0118.21	peak-01	:ARG1	aid-01		
PROXY_NYT_ENG_20020406_0118.21	learn-01	:ARG1	offer-01		
DF-200-192400-625_7046.15	go-01	:ARG1	you		
PROXY_NYT_ENG_20070828_0223.23	verify-01	:ARG1	thing		
DF-200-192400-625_6304.14	educate-01	:ARG1	i		
DF-200-192400-625_7744.26	stick-01	:ARG1	i		
PROXY_XIN_ENG_20040407_0026.10	arrest-01	:ARG1	person		
PROXY_NYT_ENG_20081008_0040.18	question-01	:ARG1	country		
NW_XIN_ENG_0209_2008_0513.19	obligate-01	:ARG1	she		
wb.eng_0003.42	get-05	:ARG1	you		
wb.eng_0003.42	accuse-01	:ARG1	you		
PROXY_XIN_ENG_20020829_0017.10	explode-01	:ARG1	bomb		
ENG_DF_000170_20050903_C00020J0V_0001.12	evacuate-01	:ARG1	person		
NW_AFP_ENG_0013_2003_0427.9	execute-01	:ARG1	person		
bolt12_6455_6562.17	fall-05	:ARG1	island		
PROXY_LTW_ENG_20080727_0030.29	appear-02	:ARG1	suggest-01		
PROXY_LTW_ENG_20080727_0030.29	expect-01	:ARG1	number		
DF-200-192400-625_6677.1	become-01	:ARG1	i		
wb.eng_0003.9	report-01	:ARG1	accident		
NW_XIN_ENG_0209_2008_0513.5	lie-07	:ARG1	village		
NW_XIN_ENG_0209_2008_0513.5	high-02	:ARG1	wave		
NW_XIN_ENG_0195_2008_0420.7	cover-01	:ARG1	floor		
NW_XIN_ENG_0195_2008_0420.7	damage-01	:ARG1	and		
NW_XIN_ENG_0191_2005_0405.3	miss-01	:ARG1	person		
NW_XIN_ENG_0191_2005_0405.3	continue-01	:ARG1	search-01		
NW_XIN_ENG_0191_2005_0405.3	list-01	:ARG1	lack-01		
PROXY_XIN_ENG_20041219_0059.12	base-02	:ARG1	agreement		
PROXY_XIN_ENG_20041219_0059.12	complement-01	:ARG1	university		
PROXY_XIN_ENG_20041219_0059.12	work-01	:ARG1	and		
PROXY_XIN_ENG_20041219_0059.12	administer-01	:ARG1	opportunity		
PROXY_NYT_ENG_20081008_0040.8	free-01	:ARG1	ship		
wb.eng_0003.99	alleviate-01	:ARG1	congest-01		
wb.eng_0003.99	apply-02	:ARG1	money		
PROXY_XIN_ENG_20041010_0024.12	develop-02	:ARG1	country		
PROXY_NYT_ENG_20050716_0171.25	train-01	:ARG1	reservist		
PROXY_NYT_ENG_20081128_0005.9	devote-01	:ARG1	land		
PROXY_NYT_ENG_20081128_0005.9	produce-01	:ARG1	opium		
PROXY_NYT_ENG_20081128_0005.9	drop-01	:ARG1	tonnage		
nw.chtb_0305.8	sign-01	:ARG1	document		
nw.chtb_0305.8	enforce-01	:ARG1	and		
PROXY_XIN_ENG_20020701_0314.7	convict-01	:ARG1	person		
PROXY_XIN_ENG_20020701_0314.7	take-01	:ARG1	control-01		
PROXY_XIN_ENG_20020701_0314.7	suppose-02	:ARG1	person		
PROXY_LTW_ENG_20070930_0021.18	reach-01	:ARG1	consensus		
NW_AFP_ENG_0018_2003_0616.4	hold-01	:ARG1	she		
NW_AFP_ENG_0018_2003_0616.4	bear-02	:ARG1	infant		
PROXY_NYT_ENG_20080919_0209.7	deface-01	:ARG1	website		
PROXY_NYT_ENG_20080919_0209.7	block-01	:ARG1	website		
PROXY_XIN_ENG_20020725_0113.9	organize-01	:ARG1	and		
DF-200-192400-625_6344.20	section-02	:ARG1	she		
bolt12_6455_6562.19	fly-01	:ARG1	wave		
PROXY_LTW_ENG_20080727_0030.8	operate-01	:ARG1	centrifuge		
PROXY_XIN_ENG_20020725_0113.18	share-01	:ARG1	information		
ENG_NA_020001_20161020_G0023FSVY_0001.6	come-01	:ARG1	person		
PROXY_XIN_ENG_20030709_0070.5	suspect-01	:ARG1	traffic-01		
PROXY_XIN_ENG_20030709_0070.5	traffic-01	:ARG1	or		
PROXY_NYT_ENG_20080919_0209.21	punish-01	:ARG1	website		
PROXY_XIN_ENG_20021020_0012.7	include-01	:ARG1	and		
PROXY_XIN_ENG_20021020_0012.7	kill-01	:ARG1	person		
PROXY_XIN_ENG_20021020_0012.7	move-01	:ARG1	vehicle		
NW_AFP_ENG_0018_2003_0616.6	obligate-01	:ARG1	die-01		
NW_AFP_ENG_0018_2003_0616.6	die-01	:ARG1	baby		
PROXY_NYT_ENG_20071115_0274.4	deny-01	:ARG1	purchase-01		
PROXY_NYT_ENG_20071115_0274.4	use-01	:ARG1	purchase-01		
PROXY_NYT_ENG_20071115_0274.4	build-01	:ARG1	bomb		
PROXY_XIN_ENG_20020725_0113.13	follow-01	:ARG1	crack-down-06		
wb.eng_0003.58	support-01	:ARG1	business		
bolt12_6455_6562.8	abandon-03	:ARG1	commit-01		
bolt12_6455_6562.8	use-01	:ARG1	weapon		
NW_XIN_ENG_0191_2005_0405.12	list-01	:ARG1	that		
NW_XIN_ENG_0191_2005_0405.12	define-01	:ARG1	identity		
NW_AFP_ENG_0013_2003_0427.6	charge-05	:ARG1	person		
PROXY_NYT_ENG_20071115_0274.13	identify-01	:ARG1	and		
DF-200-192400-625_7046.7	fail-01	:ARG1	i		
PROXY_NYT_ENG_20020406_0118.30	preserve-01	:ARG1	germ		
wb.eng_0003.77	get-03	:ARG1	we		
PROXY_XIN_ENG_20040407_0026.15	capture-01	:ARG1	person		
DF-200-192400-625_7557.24	tell-01	:ARG1	thing		
PROXY_XIN_ENG_20020725_0333.5	rank-01	:ARG1	person		
PROXY_XIN_ENG_20020725_0333.5	disclose-01	:ARG1	document		
nw.chtb_0322.17	conform-01	:ARG1	determine-01		
bolt12_6455_6561.4	invade-01	:ARG1	territory		
PROXY_NYT_ENG_20070618_0031.17	involve-01	:ARG1	set-02		
PROXY_NYT_ENG_20070618_0031.17	set-02	:ARG1	timetable		
NW_AFP_ENG_0012_2003_0419.3	die-01	:ARG1	person		
NW_AFP_ENG_0012_2003_0419.3	include-91	:ARG1	and		
NW_AFP_ENG_0012_2003_0419.3	sweep-01	:ARG1	family		
PROXY_LTW_ENG_20081115_0076.8	engage-01	:ARG1	country		
ENG_NA_020001_20161020_G0023FSV0_0001.5	call-01	:ARG1	place		
PROXY_NYT_ENG_20071115_0274.11	be-temporally-at-91	:ARG1	deny-01		
PROXY_NYT_ENG_20071115_0274.11	result-01	:ARG1	intervene-01		
DF-200-192400-625_7806.5	include-01	:ARG1	person		
NW_XIN_ENG_0194_2007_0704.9	persist-01	:ARG1	draught		
PROXY_NYT_ENG_20071115_0274.5	deny-01	:ARG1	purchase-01		
PROXY_NYT_ENG_20071115_0274.5	use-01	:ARG1	purchase-01		
PROXY_NYT_ENG_20071115_0274.5	build-01	:ARG1	bomb		
PROXY_XIN_ENG_20020829_0017.8	injure-01	:ARG1	soldier		
PROXY_XIN_ENG_20020829_0017.8	admit-02	:ARG1	soldier		
NW_XIN_ENG_0190_2003_0709.7	transfer-01	:ARG1	person		
PROXY_NYT_ENG_20070618_0031.14	wire-01	:ARG1	fund		
PROXY_NYT_ENG_20070618_0031.14	return-02	:ARG1	fund		
NW_AFP_ENG_0014_2003_0502.7	include-01	:ARG1	and		
PROXY_XIN_ENG_20031107_0242.14	include-01	:ARG1	and		
bolt12_91455_5313.1	damn-01	:ARG1	sexy-02		
NW_AFP_ENG_0019_2003_0630.17	allow-01	:ARG1	move-01		
NW_AFP_ENG_0019_2003_0630.17	expect-01	:ARG1	lift-02		
NW_AFP_ENG_0019_2003_0630.17	lift-02	:ARG1	ban-01		
PROXY_NYT_ENG_20050716_0171.14	elect-01	:ARG1	person		
PROXY_NYT_ENG_20020406_0118.38	include-01	:ARG1	center		
ENG_DF_000170_20050903_C00020J0V_0001.2	help-01	:ARG1	person		
PROXY_XIN_ENG_20020829_0017.12	expire-01	:ARG1	state		
DF-200-192400-625_6344.1	get-03	:ARG1	and		
DF-200-192400-625_6344.1	keep-02	:ARG1	strong-02		
DF-200-192400-625_6344.1	keep-02	:ARG1	carry-on-02		
DF-200-192400-625_6344.1	carry-on-02	:ARG1	live-01		
NW_XIN_ENG_0189_2003_0324.3	destroy-01	:ARG1	house		
NW_XIN_ENG_0189_2003_0324.3	remove-01	:ARG1	casualty		
PROXY_NYT_ENG_20081128_0005.10	attribute-01	:ARG1	rate-entity-91		
NW_AFP_ENG_0019_2003_0630.2	explode-01	:ARG1	event		
DF-200-192400-625_6304.9	assign-01	:ARG1	person		
DF-200-192400-625_6304.9	work-out-02	:ARG1	see-01		
PROXY_NYT_ENG_20080919_0209.22	consist-01	:ARG1	thing		
PROXY_NYT_ENG_20080919_0209.22	permit-01	:ARG1	position		
PROXY_NYT_ENG_20080919_0209.6	hack-04	:ARG1	website		
PROXY_XIN_ENG_20011006_0073.13	mean-01	:ARG1	law		
PROXY_XIN_ENG_20011006_0073.13	render-02	:ARG1	assist-01		
NW_XIN_ENG_0193_2006_0822.11	do-02	:ARG1	assess-01		
NW_XIN_ENG_0193_2006_0822.11	send-01	:ARG1	memorandum		
PROXY_XIN_ENG_20040922_0123.10	comprise-01	:ARG1	group		
ENG_NA_020001_20161020_G0023FSW5_0001.5	die-01	:ARG1	we		
ENG_NA_020001_20161020_G0023FSW5_0001.5	help-01	:ARG1	die-01		
ENG_DF_000170_20050903_C00020J0V_0001.60	provide-01	:ARG1	food		
PROXY_NYT_ENG_20080919_0209.12	relate-01	:ARG1	site		
PROXY_LTW_ENG_20080727_0030.24	begin-01	:ARG1	negotiate-01		
NW_AFP_ENG_0012_2003_0419.4	kill-01	:ARG1	family		
NW_AFP_ENG_0012_2003_0419.4	overflow-01	:ARG1	wadi		
PROXY_XIN_ENG_20021020_0012.9	kill-01	:ARG1	person		
PROXY_XIN_ENG_20030709_0070.12	involve-01	:ARG1	military		
nw.chtb_0324.14	hold-04	:ARG1	compete-01		
wb.eng_0003.81	resemble-01	:ARG1	anything		
DF-200-192400-625_7046.6	beat-02	:ARG1	thing		
PROXY_XIN_ENG_20041219_0059.15	include-91	:ARG1	and		
PROXY_XIN_ENG_20041219_0059.15	advanced-02	:ARG1	manufacture-01		
PROXY_XIN_ENG_20040407_0026.5	stay-01	:ARG1	person		
NW_AFP_ENG_0012_2003_0419.11	reopen-01	:ARG1	market		
NW_AFP_ENG_0012_2003_0419.11	flood-01	:ARG1	market		
PROXY_NYT_ENG_20020406_0118.10	study-01	:ARG1	bacterium		
PROXY_XIN_ENG_20040429_0189.37	implement-01	:ARG1	resolution		
DF-200-192400-625_6344.11	come-01	:ARG1	i		
NW_XIN_ENG_0191_2005_0405.7	use-01	:ARG1	equipment		
ENG_NA_020001_20161020_G0023FSUJ_0001.5	destroy-01	:ARG1	house		
ENG_DF_000170_20050903_C00020J0V_0001.28	send-01	:ARG1	everyone		
DF-200-192400-625_7046.4	become-01	:ARG1	i		
PROXY_NYT_ENG_20040724_0084.9	approve-01	:ARG1	law		
DF-200-192400-625_7200.8	feel-01	:ARG1	tire-01		
PROXY_LTW_ENG_20070831_0072.17	base-01	:ARG1	organization		
PROXY_LTW_ENG_20070831_0072.17	publish-01	:ARG1	criticize-01		
PROXY_LTW_ENG_20070831_0072.17	need-01	:ARG1	person		
PROXY_LTW_ENG_20081115_0076.19	progress-01	:ARG1	reactor		
PROXY_LTW_ENG_20081115_0076.19	finish-01	:ARG1	facility		
PROXY_XIN_ENG_20021020_0012.8	kill-01	:ARG1	policeman		
DF-200-192400-625_7806.9	become-01	:ARG1	anxiety		
bolt12_6455_6561.23	hurt-01	:ARG1	we		
PROXY_NYT_ENG_20081008_0040.33	unload-02	:ARG1	ship		
PROXY_NYT_ENG_20081008_0040.33	sell-01	:ARG1	weapon		
bolt12_6455_6561.9	fade-01	:ARG1	layer		
PROXY_NYT_ENG_20050716_0171.33	say-01	:ARG1	engage-01		
PROXY_NYT_ENG_20050716_0171.33	engage-01	:ARG1	person		
PROXY_NYT_ENG_20050716_0171.28	work-out-05	:ARG1	deal-01		
NW_XIN_ENG_0196_2008_1027.5	sit-01	:ARG1	country		
PROXY_XIN_ENG_20020725_0113.16	choose-01	:ARG1	city		
PROXY_XIN_ENG_20020725_0113.16	follow-01	:ARG1	choose-01		
PROXY_XIN_ENG_20020725_0113.16	hold-04	:ARG1	meet-03		
PROXY_XIN_ENG_20040403_0262.9	involve-01	:ARG1	center		
PROXY_XIN_ENG_20040403_0262.5	become-01	:ARG1	person		
PROXY_NYT_ENG_20080919_0209.5	deface-01	:ARG1	website		
PROXY_NYT_ENG_20080919_0209.5	block-01	:ARG1	website		
PROXY_NYT_ENG_20040724_0084.7	shoot-down-05	:ARG1	plane		
PROXY_NYT_ENG_20040724_0084.7	issue-01	:ARG1	order-01		
PROXY_LTW_ENG_20070831_0072.14	prevent-01	:ARG1	round-05		
PROXY_XIN_ENG_20021123_0156.10	reduce-01	:ARG1	and		
PROXY_XIN_ENG_20020725_0113.8	include-91	:ARG1	and		
NW_XIN_ENG_0209_2008_0513.6	carry-01	:ARG1	person		
NW_XIN_ENG_0209_2008_0513.6	die-01	:ARG1	person		
PROXY_XIN_ENG_20040429_0189.35	win-01	:ARG1	peace		
NW_AFP_ENG_0012_2003_0419.9	run-01	:ARG1	traffic		
PROXY_XIN_ENG_20011006_0073.12	mean-01	:ARG1	law		
PROXY_XIN_ENG_20011006_0073.12	allow-01	:ARG1	offer-01		
DF-200-192400-625_7557.27	bottle-up-02	:ARG1	it		
ENG_NA_020001_20161020_G0023FSWG_0001.4	find-01	:ARG1	we		
PROXY_NYT_ENG_20040724_0084.45	sell-01	:ARG1	and		
ENG_NA_020001_20161020_G0023FSVF_0001.5	cut-off-04	:ARG1	thing		
PROXY_XIN_ENG_20031107_0242.6	hold-04	:ARG1	discuss-01		
NW_XIN_ENG_0198_2008_1218.3	measure-01	:ARG1	quake-01		
DF-200-192400-625_7744.7	get-03	:ARG1	i		
DF-200-192400-625_7744.7	go-01	:ARG1	anxious		
DF-200-192400-625_7744.7	wait-01	:ARG1	i		
PROXY_XIN_ENG_20040922_0123.12	establish-01	:ARG1	and		
DF-200-192400-625_7557.8	addict-01	:ARG1	i		
PROXY_NYT_ENG_20040724_0084.23	use-01	:ARG1	child		
NW_XIN_ENG_0191_2005_0405.13	know-01	:ARG1	name		
DF-200-192400-625_7806.3	ring-01	:ARG1	bell		
DF-200-192400-625_7806.2	become-01	:ARG1	i		
NW_XIN_ENG_0209_2008_0513.14	die-01	:ARG1	person		
PROXY_NYT_ENG_20080919_0209.13	base-01	:ARG1	group		
PROXY_NYT_ENG_20080919_0209.13	verify-01	:ARG1	and		
PROXY_NYT_ENG_20080808_0162.14	remain-01	:ARG1	soldier		
PROXY_XIN_ENG_20020725_0333.8	base-02	:ARG1	story		
DF-200-192400-625_7744.24	become-01	:ARG1	it		
DF-200-192400-625_7744.24	start-01	:ARG1	interrupt-01		
ENG_DF_000170_20050903_C00020J0V_0001.45	station-01	:ARG1	truck		
ENG_DF_000170_20050903_C00020J0V_0001.45	include-01	:ARG1	and		
ENG_DF_000170_20050903_C00020J0V_0001.45	use-01	:ARG1	cloth		
ENG_NA_020001_20161020_G0023FSV2_0001.4	come-01	:ARG1	person		
ENG_NA_020001_20161020_G0023FSV2_0001.4	wound-01	:ARG1	person		
PROXY_XIN_ENG_20040403_0262.8	found-01	:ARG1	facility		
PROXY_XIN_ENG_20040403_0262.8	gather-01	:ARG1	information		
PROXY_NYT_ENG_20081008_0040.19	hijack-01	:ARG1	freighter		
PROXY_NYT_ENG_20081008_0040.19	ship-01	:ARG1	weapon		
PROXY_XIN_ENG_20041219_0059.16	base-02	:ARG1	battery		
PROXY_XIN_ENG_20021020_0012.10	miss-01	:ARG1	person		
PROXY_LTW_ENG_20080727_0030.30	exist-01	:ARG1	centrifuge		
PROXY_NYT_ENG_20020406_0118.28	have-degree-91	:ARG1	location		
PROXY_NYT_ENG_20020406_0118.28	destroy-01	:ARG1	location		
DF-200-192400-625_6304.15	turn-02	:ARG1	i		
DF-200-192400-625_6304.15	leave-17	:ARG1	time		
DF-200-192400-625_6304.15	fail-01	:ARG1	i		
PROXY_XIN_ENG_20031107_0242.7	land-01	:ARG1	aircraft		
PROXY_XIN_ENG_20020701_0314.16	imprison-01	:ARG1	person		
PROXY_NYT_ENG_20080919_0209.4	know-02	:ARG1	person		
NW_XIN_ENG_0194_2007_0704.1	injure-01	:ARG1	person		
PROXY_XIN_ENG_20020701_0314.9	pay-01	:ARG1	fine-01		
DF-200-192400-625_7806.13	start-01	:ARG1	start-01		
DF-200-192400-625_7806.13	start-01	:ARG1	worry-01		
PROXY_NYT_ENG_20081008_0040.12	involve-01	:ARG1	negotiate-01		
NW_AFP_ENG_0019_2003_0630.13	remain-01	:ARG1	road		
PROXY_LTW_ENG_20070831_0072.15	exist-01	:ARG1	or		
PROXY_LTW_ENG_20070831_0072.15	audit-01	:ARG1	material		
ENG_DF_000170_20050903_C00020J0V_0001.53	call-02	:ARG1	cell		
bolt12_9145_5531.4	seem-01	:ARG1	party		
DF-200-192400-625_6344.27	support-01	:ARG1	you		
bolt12_6455_6562.9	retain-01	:ARG1	right-05		
PROXY_NYT_ENG_20070618_0031.15	suppose-02	:ARG1	fund		
PROXY_NYT_ENG_20070618_0031.15	send-01	:ARG1	fund		
NW_XIN_ENG_0209_2008_0513.12	stay-01	:ARG1	villager		
NW_XIN_ENG_0209_2008_0513.12	fall-01	:ARG1	bamboo		
DF-200-192400-625_7744.22	get-up-26	:ARG1	i		
DF-200-192400-625_7744.22	lock-01	:ARG1	lock		
DF-200-192400-625_6344.6	break-01	:ARG1	i		
PROXY_LTW_ENG_20081115_0076.26	expect-01	:ARG1	release-01		
PROXY_XIN_ENG_20040922_0123.13	solve-01	:ARG1	dispute-01		
PROXY_XIN_ENG_20040922_0123.13	safeguard-01	:ARG1	and		
PROXY_XIN_ENG_20040922_0123.13	diversify-01	:ARG1	mode		
PROXY_XIN_ENG_20030624_0298.6	hide-01	:ARG1	dimension		
nw.chtb_0319.1	handicap-01	:ARG1	athlete		
bolt12_6455_6566.1	calm-03	:ARG1	country		
nw.chtb_0325.2	hold-04	:ARG1	compete-01		
PROXY_XIN_ENG_20040429_0189.13	expect-01	:ARG1	increase-01		
bolt12_91455_5342.2	do-02	:ARG1	nothing		
wb.eng_0003.98	overlook-01	:ARG1	thing		
NW_AFP_ENG_0018_2003_0616.1	find-01	:ARG1	skeleton		
NW_AFP_ENG_0018_2003_0616.1	discover-01	:ARG1	infant		
wb.eng_0003.51	have-purpose-91	:ARG1	it		
wb.eng_0003.51	benefit-01	:ARG1	plan		
wb.eng_0003.51	serve-01	:ARG1	interest		
wb.eng_0003.51	have-purpose-91	:ARG1	it		
NW_XIN_ENG_0209_2008_0513.15	remain-01	:ARG1	person		
PROXY_XIN_ENG_20040922_0123.16	maintain-01	:ARG1	and		
NW_XIN_ENG_0193_2006_0822.3	sweep-02	:ARG1	person		
PROXY_LTW_ENG_20070831_0072.20	continue-01	:ARG1	program		
PROXY_LTW_ENG_20070831_0072.20	continue-01	:ARG1	regime		
NW_XIN_ENG_0193_2006_0822.8	close-01	:ARG1	and		
PROXY_NYT_ENG_20020406_0118.29	store-01	:ARG1	bacterium		
PROXY_NYT_ENG_20020406_0118.29	cool-01	:ARG1	cask		
PROXY_NYT_ENG_20020406_0118.29	isolate-01	:ARG1	cask		
bolt12_91455_5335.1	blame-01	:ARG1	amr-unknown		
PROXY_XIN_ENG_20031107_0242.11	result-01	:ARG1	organization		
PROXY_XIN_ENG_20041219_0059.7	become-01	:ARG1	university		
PROXY_XIN_ENG_20041219_0059.14	hold-04	:ARG1	event		
NW_AFP_ENG_0016_2003_0527.1	industrialize-01	:ARG1	nation		
PROXY_XIN_ENG_20041219_0059.9	create-01	:ARG1	result		
PROXY_NYT_ENG_20071115_0274.16	include-01	:ARG1	and		
bolt12_6455_6561.12	stream-01	:ARG1	tear		
bolt12_6455_6561.12	turn-01	:ARG1	we		
wb.eng_0003.22	soar-01	:ARG1	need-01		
wb.eng_0003.59	match-01	:ARG1	thing		
PROXY_LTW_ENG_20070831_0072.6	obtain-01	:ARG1	technology		
PROXY_LTW_ENG_20070831_0072.6	use-01	:ARG1	technology		
PROXY_XIN_ENG_20021020_0012.13	include-01	:ARG1	and		
PROXY_XIN_ENG_20021020_0012.13	begin-01	:ARG1	insurgency		
PROXY_NYT_ENG_20050716_0171.41	seize-01	:ARG1	weapon		
PROXY_XIN_ENG_20020829_0017.7	believe-01	:ARG1	plant-01		
PROXY_NYT_ENG_20050716_0171.32	update-01	:ARG1	weaponry		
PROXY_XIN_ENG_20030624_0298.21	include-91	:ARG1	and		
wb.eng_0003.27	create-01	:ARG1	person		
bolt12_6455_6562.12	bear-02	:ARG1	i		
bolt12_6455_6562.12	die-01	:ARG1	i		
PROXY_XIN_ENG_20020701_0314.11	include-91	:ARG1	and		
PROXY_NYT_ENG_20050716_0171.12	shift-01	:ARG1	mainstream		
PROXY_LTW_ENG_20070831_0072.26	limit-01	:ARG1	penalize-01		
PROXY_LTW_ENG_20070930_0021.12	allow-01	:ARG1	trade-01		
NW_XIN_ENG_0209_2008_0513.13	sweep-01	:ARG1	person		
PROXY_XIN_ENG_20040403_0262.6	fly-01	:ARG1	person		
PROXY_NYT_ENG_20081128_0005.8	issue-01	:ARG1	survey		
PROXY_NYT_ENG_20040724_0084.18	go-06	:ARG1	policy-01		
